{"branches": 47.385103011093506, "coverage": 63.84202827888835}