{"branches": 47.74774774774775, "coverage": 62.94857565667776}