{"branches": 46.42857142857143, "coverage": 61.78650852483321}