{"branches": 45.90643274853801, "coverage": 61.37114537444934}