{"branches": 46.42857142857143, "coverage": 61.76933765632238}