{"branches": 48.037676609105176, "coverage": 62.274196615326105}